phoneNumber,firstName,lastName,address,city,zipCode,company,department,notes
+33123456789,Test,Success,1 Rue Test,Paris,75001,Test Company,Test,Always succeeds in simulation
+33987654321,Test,Fail,2 Rue Test,Lyon,69001,Test Company,Test,Always fails in simulation
+33555666777,Test,Blacklist,3 Rue Test,Marseille,13001,Test Company,Test,Blacklisted in simulation
+33444555666,Test,RateLimit,4 Rue Test,Toulouse,31000,Test Company,Test,Rate limited in simulation
+33717373238,Sophie,Garnier,62 Avenue des Champs-Élysées,Besançon,79657,Management Pro,Support,Contact professionnel de Management Pro
+33701046523,Olivier,Morel,111 Rue de la République,Brest,46837,Solutions Avancées,Ventes,Contact professionnel de Solutions Avancées
+33745516956,Valérie,Petit,347 Rue Victor Hugo,Lille,11890,Services Premium,Comptabilité,Contact professionnel de Services Premium
+33674411055,Nathalie,François,56 Rue Victor Hugo,Le Havre,59209,Management Pro,Direction,Contact professionnel de Management Pro
+33715425183,Sophie,David,281 Avenue des Champs-Élysées,Lille,38688,France Business,Ventes,Contact professionnel de France Business
+33651965456,Stéphane,Petit,560 Rue du Faubourg Saint-Honoré,Bordeaux,48214,Digital Pro,Support,Contact professionnel de Digital Pro
+33641247532,Sébastien,Michel,124 Rue de la Gare,Clermont-Ferrand,02840,Développement Plus,Support,Contact professionnel de Développement Plus
+33761009326,Christine,Legrand,881 Rue Victor Hugo,Nîmes,85187,Digital Pro,IT,Contact professionnel de Digital Pro
+33696768084,Michel,Laurent,772 Rue de Rivoli,Nantes,17212,Consulting Expert,Comptabilité,Contact professionnel de Consulting Expert
+33749180378,Véronique,Leroy,685 Rue Nationale,Besançon,34001,Digital Pro,Marketing,Contact professionnel de Digital Pro
+33793357099,Valérie,Martinez,278 Avenue Jean Jaurès,Rennes,63518,Stratégie Digitale,Direction,Contact professionnel de Stratégie Digitale
+33690164586,Philippe,Bonnet,872 Boulevard Haussmann,Limoges,20076,Digital Pro,IT,Contact professionnel de Digital Pro
+33734980554,Olivier,Mercier,760 Boulevard Haussmann,Marseille,31766,Services Premium,Comptabilité,Contact professionnel de Services Premium
+33768363658,Thierry,Roux,837 Avenue Jean Jaurès,Rouen,66482,Management Pro,Direction,Contact professionnel de Management Pro
+33660618353,Christine,David,108 Boulevard de la République,Marseille,81861,Consulting Expert,Ventes,Contact professionnel de Consulting Expert
+33673195848,Sandrine,Bertrand,973 Boulevard de la République,Limoges,87820,Technologie Moderne,Support,Contact professionnel de Technologie Moderne
+33701118959,Thierry,Petit,721 Boulevard Saint-Germain,Toulouse,87758,Services Premium,Comptabilité,Contact professionnel de Services Premium
+33670411642,Christophe,Mercier,282 Rue du Faubourg Saint-Honoré,Le Havre,53065,Management Pro,Comptabilité,Contact professionnel de Management Pro
+33734532371,Catherine,Garcia,597 Rue de la République,Besançon,65925,Tech France SARL,Ventes,Contact professionnel de Tech France SARL
+33734659562,Chantal,David,702 Avenue de la Liberté,Bordeaux,58758,Technologie Moderne,Support,Contact professionnel de Technologie Moderne
+33746154055,Françoise,Lefèvre,918 Rue du Faubourg Saint-Honoré,Lille,81313,Management Pro,Direction,Contact professionnel de Management Pro
+33679051052,Stéphane,Legrand,714 Boulevard Voltaire,Toulon,16186,Management Pro,Ventes,Contact professionnel de Management Pro
+33742523909,Catherine,Michel,325 Boulevard de la République,Reims,57353,Stratégie Digitale,Comptabilité,Contact professionnel de Stratégie Digitale
+33648206401,Jacqueline,Lambert,392 Rue de la Gare,Clermont-Ferrand,85294,Consulting Expert,Marketing,Contact professionnel de Consulting Expert
+33697224852,Chantal,Mercier,132 Boulevard Voltaire,Toulon,16420,Tech France SARL,Marketing,Contact professionnel de Tech France SARL
+33672087025,Philippe,Martinez,279 Boulevard Voltaire,Bordeaux,19217,Technologie Moderne,Support,Contact professionnel de Technologie Moderne
+33636251802,Sophie,Martin,825 Rue de la République,Toulon,63445,Performance Solutions,Support,Contact professionnel de Performance Solutions
+33643927942,Christine,Moreau,27 Avenue Jean Jaurès,Clermont-Ferrand,67486,Technologie Moderne,Direction,Contact professionnel de Technologie Moderne
+33748523847,Frédéric,Simon,484 Rue Nationale,Marseille,79864,Stratégie Digitale,Ventes,Contact professionnel de Stratégie Digitale
+33743620136,Julien,Bernard,938 Rue de la Paix,Lille,56440,Performance Solutions,Support,Contact professionnel de Performance Solutions
+33798713128,Catherine,Lambert,14 Rue du Faubourg Saint-Honoré,Nice,94071,Digital Pro,Direction,Contact professionnel de Digital Pro
+33738690865,Sébastien,Richard,199 Boulevard Saint-Germain,Limoges,23537,Innovation Solutions,Support,Contact professionnel de Innovation Solutions
+33702243742,Françoise,André,429 Avenue Jean Jaurès,Nantes,11190,Tech France SARL,Marketing,Contact professionnel de Tech France SARL
+33613261316,Marie,Richard,113 Boulevard Saint-Germain,Limoges,62157,Services Premium,IT,Contact professionnel de Services Premium
+33729744769,Véronique,Laurent,607 Place de la Bastille,Rouen,38077,France Business,Marketing,Contact professionnel de France Business
+33710179273,Pierre,Lefebvre,321 Boulevard Voltaire,Metz,53881,Consulting Expert,Support,Contact professionnel de Consulting Expert
+33774331619,Antoine,Roux,172 Avenue de la Liberté,Rouen,55310,Développement Plus,Direction,Contact professionnel de Développement Plus
+33790736300,Antoine,Michel,8 Rue de la Paix,Limoges,14951,France Business,IT,Contact professionnel de France Business
+33684953443,Martine,Martin,525 Boulevard Saint-Germain,Amiens,45269,Solutions Avancées,IT,Contact professionnel de Solutions Avancées
+33625011409,Julien,Lefèvre,458 Rue du Faubourg Saint-Honoré,Toulouse,52648,France Business,Ventes,Contact professionnel de France Business
+33713668736,Martine,Martinez,436 Avenue des Champs-Élysées,Clermont-Ferrand,36250,Performance Solutions,Direction,Contact professionnel de Performance Solutions
+33751575511,Dominique,Bertrand,599 Boulevard de la République,Toulouse,34985,Consulting Expert,Support,Contact professionnel de Consulting Expert
+33608502763,Nicolas,Michel,611 Rue de Rivoli,Tours,46853,Stratégie Digitale,IT,Contact professionnel de Stratégie Digitale
+33683509567,Sophie,Robert,678 Rue de la République,Grenoble,06458,Innovation Solutions,Ventes,Contact professionnel de Innovation Solutions
+33776207941,Julien,Roux,54 Avenue de la Liberté,Nîmes,39050,Digital Pro,Marketing,Contact professionnel de Digital Pro
+33757782859,Françoise,Michel,904 Boulevard Haussmann,Lyon,81593,Performance Solutions,Direction,Contact professionnel de Performance Solutions
+33605391558,Philippe,Martin,78 Rue de Rivoli,Clermont-Ferrand,37858,Tech France SARL,Comptabilité,Contact professionnel de Tech France SARL
+33684664374,Marie,Morel,243 Rue du Faubourg Saint-Honoré,Toulouse,66804,Innovation Solutions,Support,Contact professionnel de Innovation Solutions
+33669912171,Dominique,Roux,107 Rue de la République,Amiens,67345,Innovation Solutions,IT,Contact professionnel de Innovation Solutions
+33749948331,Christine,Morel,892 Rue de Rivoli,Marseille,25748,Solutions Avancées,Marketing,Contact professionnel de Solutions Avancées
+33771576554,Christine,Martin,196 Avenue Montaigne,Nîmes,57066,Tech France SARL,Ventes,Contact professionnel de Tech France SARL
+33697819551,Sophie,André,77 Place de la Bastille,Amiens,14844,Consulting Expert,IT,Contact professionnel de Consulting Expert
+33794404163,Monique,Vincent,801 Boulevard Voltaire,Tours,34905,Développement Plus,IT,Contact professionnel de Développement Plus
+33749733431,Olivier,Lambert,883 Avenue des Champs-Élysées,Aix-en-Provence,02667,Consulting Expert,IT,Contact professionnel de Consulting Expert
+33713041207,Brigitte,Martinez,438 Rue du Faubourg Saint-Honoré,Montpellier,35904,Management Pro,IT,Contact professionnel de Management Pro
+33799816072,Pierre,Lambert,322 Avenue Montaigne,Marseille,32642,Développement Plus,Marketing,Contact professionnel de Développement Plus
+33783584314,Isabelle,Garcia,510 Rue de la République,Nîmes,66125,Stratégie Digitale,Marketing,Contact professionnel de Stratégie Digitale
+33711882995,Stéphane,Lefèvre,281 Boulevard Haussmann,Strasbourg,07768,Stratégie Digitale,Marketing,Contact professionnel de Stratégie Digitale
+33638399916,Stéphane,Dupont,425 Rue Victor Hugo,Tours,47491,Performance Solutions,Direction,Contact professionnel de Performance Solutions
+33646326306,Brigitte,Vincent,430 Boulevard de la République,Nîmes,45649,Stratégie Digitale,Ventes,Contact professionnel de Stratégie Digitale
+33607909026,Christine,Garnier,988 Rue de la République,Nantes,64458,Services Premium,Ventes,Contact professionnel de Services Premium
+33649784422,Martine,Vincent,625 Rue du Faubourg Saint-Honoré,Marseille,26396,Stratégie Digitale,IT,Contact professionnel de Stratégie Digitale
+33742455883,Pierre,Bonnet,659 Boulevard Saint-Germain,Toulon,33536,Innovation Solutions,Direction,Contact professionnel de Innovation Solutions
+33648097281,Pascal,Martinez,540 Avenue des Champs-Élysées,Marseille,48549,Tech France SARL,Support,Contact professionnel de Tech France SARL
+33647533138,Philippe,Richard,759 Avenue Jean Jaurès,Toulouse,42150,Développement Plus,IT,Contact professionnel de Développement Plus
+33641456180,Patricia,Dupont,581 Avenue de la Liberté,Dijon,29617,Management Pro,IT,Contact professionnel de Management Pro
+33744865420,Patrick,Simon,722 Rue de la République,Le Mans,42943,Services Premium,IT,Contact professionnel de Services Premium
+33612972258,Sandrine,Richard,212 Boulevard Haussmann,Orléans,20016,Stratégie Digitale,IT,Contact professionnel de Stratégie Digitale
+33723297764,Chantal,Laurent,714 Rue de la Gare,Aix-en-Provence,36212,Solutions Avancées,IT,Contact professionnel de Solutions Avancées
+33600754045,Christophe,Lefebvre,609 Avenue Montaigne,Toulouse,21864,Services Premium,IT,Contact professionnel de Services Premium
+33686750541,Isabelle,Martinez,575 Avenue Jean Jaurès,Toulon,62314,Digital Pro,Comptabilité,Contact professionnel de Digital Pro
+33670140981,Sébastien,Moreau,534 Rue de la Paix,Tours,80642,Digital Pro,Ventes,Contact professionnel de Digital Pro
+33719585657,Dominique,Simon,990 Avenue des Champs-Élysées,Metz,30015,Développement Plus,Support,Contact professionnel de Développement Plus
+33606664409,Dominique,Girard,892 Boulevard Voltaire,Metz,81355,Services Premium,Marketing,Contact professionnel de Services Premium
+33768432526,Olivier,Fournier,910 Rue du Faubourg Saint-Honoré,Strasbourg,29096,Consulting Expert,Direction,Contact professionnel de Consulting Expert
+33609138891,Christophe,Petit,795 Boulevard Voltaire,Grenoble,55952,Tech France SARL,Direction,Contact professionnel de Tech France SARL
+33752582348,Patricia,Mercier,700 Rue de la Paix,Nantes,63440,Services Premium,Marketing,Contact professionnel de Services Premium
+33679480614,Philippe,Lefebvre,710 Boulevard Saint-Germain,Toulon,23710,Performance Solutions,Comptabilité,Contact professionnel de Performance Solutions
+33760224129,Antoine,Dupont,871 Rue Victor Hugo,Strasbourg,62400,Solutions Avancées,Comptabilité,Contact professionnel de Solutions Avancées
+33601433281,Stéphane,Martinez,816 Avenue des Champs-Élysées,Tours,31561,Management Pro,Ventes,Contact professionnel de Management Pro
+33755275308,Laurent,Simon,159 Boulevard de la République,Reims,87924,Solutions Avancées,IT,Contact professionnel de Solutions Avancées
+33695939064,David,Bernard,576 Avenue de la Liberté,Brest,25804,Innovation Solutions,Marketing,Contact professionnel de Innovation Solutions
+33790851879,Christine,Vincent,831 Boulevard Voltaire,Dijon,25276,Innovation Solutions,Marketing,Contact professionnel de Innovation Solutions
+33677301118,Michel,Thomas,575 Rue Nationale,Angers,04676,Solutions Avancées,Marketing,Contact professionnel de Solutions Avancées
+33740769124,Olivier,Laurent,445 Rue de Rivoli,Montpellier,29695,Tech France SARL,IT,Contact professionnel de Tech France SARL
+33795416801,Isabelle,Dupont,84 Avenue des Champs-Élysées,Brest,36040,Solutions Avancées,IT,Contact professionnel de Solutions Avancées
+33722984614,Marie,Leroy,158 Boulevard Haussmann,Paris,80587,Consulting Expert,Ventes,Contact professionnel de Consulting Expert
+33609540134,Monique,Dubois,973 Rue Victor Hugo,Angers,41416,Consulting Expert,Support,Contact professionnel de Consulting Expert
+33704178855,David,Lefèvre,533 Rue du Faubourg Saint-Honoré,Bordeaux,70574,Tech France SARL,Comptabilité,Contact professionnel de Tech France SARL
+33679653715,Sylvie,André,921 Avenue Jean Jaurès,Strasbourg,44419,Tech France SARL,IT,Contact professionnel de Tech France SARL
+33667884544,Pierre,Moreau,418 Rue de la République,Lyon,95467,Innovation Solutions,IT,Contact professionnel de Innovation Solutions
+33670018941,Laurent,Vincent,974 Avenue Jean Jaurès,Besançon,23191,Développement Plus,Support,Contact professionnel de Développement Plus
+33699763064,Martine,Richard,226 Boulevard de la République,Lille,88382,Consulting Expert,Ventes,Contact professionnel de Consulting Expert
+33620021943,Monique,Roux,727 Place de la Bastille,Lille,28808,Solutions Avancées,Support,Contact professionnel de Solutions Avancées
+33730494319,Françoise,André,640 Avenue Jean Jaurès,Lyon,41316,Services Premium,Ventes,Contact professionnel de Services Premium
+33755186773,Isabelle,François,633 Rue de Rivoli,Tours,13267,France Business,Support,Contact professionnel de France Business
+33690335758,Marie,Fournier,969 Rue de Rivoli,Besançon,51693,Technologie Moderne,Ventes,Contact professionnel de Technologie Moderne
+33703043119,Patricia,Laurent,290 Rue du Faubourg Saint-Honoré,Brest,20577,Performance Solutions,Support,Contact professionnel de Performance Solutions
+33731650124,Nicolas,Mercier,149 Rue du Faubourg Saint-Honoré,Bordeaux,12121,Performance Solutions,Support,Contact professionnel de Performance Solutions
+33772310174,Stéphane,Legrand,938 Rue de Rivoli,Le Mans,05985,Performance Solutions,IT,Contact professionnel de Performance Solutions
+33635513508,Julien,André,804 Boulevard de la République,Le Havre,69369,Management Pro,Comptabilité,Contact professionnel de Management Pro
+33654919262,Isabelle,Fournier,279 Rue de la Gare,Toulon,85496,Performance Solutions,IT,Contact professionnel de Performance Solutions
+33774166376,Christine,Richard,870 Boulevard de la République,Lille,17553,Développement Plus,Marketing,Contact professionnel de Développement Plus
+33747506643,Sylvie,Dubois,119 Rue de la République,Strasbourg,70906,Digital Pro,Support,Contact professionnel de Digital Pro
+33685180822,Patricia,Richard,862 Rue de Rivoli,Metz,45288,Digital Pro,IT,Contact professionnel de Digital Pro
+33674520999,Julien,Mercier,712 Rue de la République,Lille,33410,Management Pro,Support,Contact professionnel de Management Pro
+33639483590,Catherine,Petit,500 Boulevard Voltaire,Metz,11217,Innovation Solutions,IT,Contact professionnel de Innovation Solutions
+33689718134,Nicolas,Lambert,146 Boulevard Voltaire,Villeurbanne,72952,Management Pro,Comptabilité,Contact professionnel de Management Pro
+33650095857,Christophe,Martin,279 Rue Victor Hugo,Brest,82700,Technologie Moderne,Ventes,Contact professionnel de Technologie Moderne
+33679762767,Julien,Girard,789 Boulevard Saint-Germain,Saint-Étienne,03972,Solutions Avancées,Ventes,Contact professionnel de Solutions Avancées
+33605015778,Brigitte,Laurent,978 Rue du Faubourg Saint-Honoré,Grenoble,07547,Digital Pro,Ventes,Contact professionnel de Digital Pro
+33714421133,Catherine,Lefebvre,375 Avenue des Champs-Élysées,Brest,52936,Performance Solutions,IT,Contact professionnel de Performance Solutions
+33606438032,Michel,Martinez,336 Avenue Montaigne,Strasbourg,36161,Performance Solutions,Ventes,Contact professionnel de Performance Solutions
+33724466966,Valérie,Bertrand,998 Boulevard Haussmann,Paris,58676,Technologie Moderne,Marketing,Contact professionnel de Technologie Moderne
+33765923293,Frédéric,Simon,817 Avenue Montaigne,Amiens,01484,Management Pro,Direction,Contact professionnel de Management Pro
+33657926494,Julien,Vincent,818 Avenue Jean Jaurès,Montpellier,27084,Digital Pro,Direction,Contact professionnel de Digital Pro
+33650148558,Sébastien,Bernard,354 Avenue de la Liberté,Le Havre,84917,Tech France SARL,IT,Contact professionnel de Tech France SARL
+33745797488,Sophie,André,415 Avenue de la Liberté,Aix-en-Provence,10163,France Business,Direction,Contact professionnel de France Business
+33728428828,Marie,Roux,220 Boulevard Voltaire,Dijon,65707,Services Premium,Marketing,Contact professionnel de Services Premium
+33666498564,Sylvie,Roux,755 Boulevard Saint-Germain,Lille,32661,Innovation Solutions,Marketing,Contact professionnel de Innovation Solutions
+33709851428,Martine,Garnier,960 Rue de la Paix,Tours,84613,Technologie Moderne,Ventes,Contact professionnel de Technologie Moderne
+33686451467,Françoise,Garnier,933 Rue de Rivoli,Nantes,87380,Technologie Moderne,Direction,Contact professionnel de Technologie Moderne
+33686838431,Nathalie,Fournier,759 Rue de la République,Besançon,18246,France Business,Direction,Contact professionnel de France Business
+33743243445,Philippe,Moreau,864 Avenue Montaigne,Dijon,51229,Services Premium,Direction,Contact professionnel de Services Premium
+33710790630,Chantal,André,65 Rue Nationale,Toulouse,70062,Management Pro,IT,Contact professionnel de Management Pro
+33737707830,Julien,Petit,634 Rue Victor Hugo,Rouen,19700,Tech France SARL,Support,Contact professionnel de Tech France SARL
+33793362522,Alexandre,Bonnet,836 Avenue des Champs-Élysées,Aix-en-Provence,61127,Tech France SARL,Ventes,Contact professionnel de Tech France SARL
+33734114943,Marie,Girard,738 Rue du Faubourg Saint-Honoré,Rouen,73659,Performance Solutions,Direction,Contact professionnel de Performance Solutions
+33613397850,Catherine,Vincent,380 Rue Nationale,Lille,26240,Solutions Avancées,Comptabilité,Contact professionnel de Solutions Avancées
+33751315132,Laurent,Bertrand,841 Rue de la Paix,Lille,22250,Tech France SARL,Support,Contact professionnel de Tech France SARL
+33655871168,Nathalie,Martin,155 Avenue Montaigne,Strasbourg,19119,Technologie Moderne,Ventes,Contact professionnel de Technologie Moderne
+33643791527,Pascal,David,401 Rue de la République,Reims,79298,Solutions Avancées,Comptabilité,Contact professionnel de Solutions Avancées
+33635176324,Julien,Garcia,550 Place de la Bastille,Tours,44977,Consulting Expert,Ventes,Contact professionnel de Consulting Expert
+33747131526,Julien,Dubois,249 Boulevard de la République,Montpellier,16891,Innovation Solutions,Support,Contact professionnel de Innovation Solutions
+33623145134,David,Simon,537 Avenue des Champs-Élysées,Tours,08655,Technologie Moderne,Support,Contact professionnel de Technologie Moderne
+33709667742,Patrick,Lefèvre,452 Boulevard de la République,Le Havre,55788,Management Pro,Support,Contact professionnel de Management Pro
+33724520038,Pierre,Morel,138 Avenue Montaigne,Angers,06813,Stratégie Digitale,IT,Contact professionnel de Stratégie Digitale
+33763090096,Brigitte,Michel,823 Boulevard Voltaire,Metz,29214,Stratégie Digitale,Marketing,Contact professionnel de Stratégie Digitale
+33743771192,Catherine,Roux,918 Place de la Bastille,Grenoble,31730,Consulting Expert,Direction,Contact professionnel de Consulting Expert
+33788574235,Pierre,Bertrand,41 Rue du Faubourg Saint-Honoré,Orléans,30757,Performance Solutions,Direction,Contact professionnel de Performance Solutions
+33727153232,Laurent,David,721 Rue du Faubourg Saint-Honoré,Saint-Étienne,40193,Consulting Expert,Marketing,Contact professionnel de Consulting Expert
+33734428075,Julien,Garcia,125 Avenue de la Liberté,Clermont-Ferrand,22735,Tech France SARL,IT,Contact professionnel de Tech France SARL
+33668072856,Julien,Bernard,111 Avenue Jean Jaurès,Amiens,20006,Technologie Moderne,Support,Contact professionnel de Technologie Moderne
+33708248381,Stéphane,Bernard,959 Place de la Bastille,Paris,73530,Technologie Moderne,Ventes,Contact professionnel de Technologie Moderne
+33742569004,David,Martinez,970 Avenue de la Liberté,Rouen,50248,Digital Pro,Support,Contact professionnel de Digital Pro
+33687099058,Sylvie,Martinez,616 Rue de la République,Tours,76172,Développement Plus,Marketing,Contact professionnel de Développement Plus
+33728139708,Frédéric,Garnier,546 Boulevard Saint-Germain,Brest,23418,Tech France SARL,Marketing,Contact professionnel de Tech France SARL
+33693306122,Sébastien,Bertrand,190 Avenue des Champs-Élysées,Nice,72343,Management Pro,Direction,Contact professionnel de Management Pro
+33796703750,Laurent,Simon,875 Rue de la République,Rouen,29860,Stratégie Digitale,IT,Contact professionnel de Stratégie Digitale
+33713757122,Sophie,Simon,883 Rue de Rivoli,Paris,81513,Digital Pro,Marketing,Contact professionnel de Digital Pro
+33759111823,David,Fournier,983 Avenue Montaigne,Saint-Étienne,15209,Tech France SARL,Direction,Contact professionnel de Tech France SARL
+33675447657,Patricia,David,800 Boulevard Haussmann,Dijon,25111,Solutions Avancées,IT,Contact professionnel de Solutions Avancées
+33627603768,Antoine,Robert,99 Rue de la République,Grenoble,90433,Technologie Moderne,Comptabilité,Contact professionnel de Technologie Moderne
+33732676061,Thierry,Mercier,339 Rue Victor Hugo,Nantes,75325,Tech France SARL,Ventes,Contact professionnel de Tech France SARL
+33711264284,Sophie,Bertrand,839 Rue de la République,Orléans,12323,Développement Plus,Ventes,Contact professionnel de Développement Plus
+33621032981,Nicolas,Fournier,978 Rue Victor Hugo,Rouen,32475,Développement Plus,Support,Contact professionnel de Développement Plus
+33674174513,Martine,Leroy,330 Rue de Rivoli,Toulouse,08883,France Business,Comptabilité,Contact professionnel de France Business
+33670942772,Laurent,Robert,788 Rue du Faubourg Saint-Honoré,Montpellier,21958,Solutions Avancées,IT,Contact professionnel de Solutions Avancées
+33797462154,Françoise,Martinez,498 Rue de la Gare,Amiens,73552,Technologie Moderne,Ventes,Contact professionnel de Technologie Moderne
+33710119391,Philippe,Simon,393 Boulevard Haussmann,Le Mans,87239,Technologie Moderne,Support,Contact professionnel de Technologie Moderne
+33777343172,Jacqueline,Martin,10 Boulevard Haussmann,Perpignan,88739,Technologie Moderne,Direction,Contact professionnel de Technologie Moderne
+33697265231,Stéphane,Moreau,352 Boulevard Saint-Germain,Saint-Étienne,17427,France Business,IT,Contact professionnel de France Business
+33764492218,Laurent,Martinez,598 Avenue Montaigne,Montpellier,17825,Technologie Moderne,Marketing,Contact professionnel de Technologie Moderne
+33752231282,Laurent,Garcia,775 Rue de la République,Brest,27058,Technologie Moderne,IT,Contact professionnel de Technologie Moderne
+33608713277,Philippe,Simon,497 Place de la Bastille,Montpellier,67447,Stratégie Digitale,Ventes,Contact professionnel de Stratégie Digitale
+33627695344,Laurent,Robert,457 Rue du Faubourg Saint-Honoré,Le Havre,38597,Innovation Solutions,Ventes,Contact professionnel de Innovation Solutions
+33648956229,Sylvie,Martinez,622 Avenue des Champs-Élysées,Strasbourg,22483,Management Pro,Ventes,Contact professionnel de Management Pro
+33780343504,Martine,Robert,77 Avenue Montaigne,Nîmes,38411,Stratégie Digitale,Marketing,Contact professionnel de Stratégie Digitale
+33618060222,Dominique,François,230 Avenue Montaigne,Amiens,46145,Développement Plus,IT,Contact professionnel de Développement Plus
+33771740131,Olivier,André,69 Place de la Bastille,Brest,54621,France Business,Marketing,Contact professionnel de France Business
+33724903439,Patricia,Morel,176 Boulevard Saint-Germain,Angers,88441,Stratégie Digitale,Support,Contact professionnel de Stratégie Digitale
+33694913315,Sylvie,Roux,476 Rue du Faubourg Saint-Honoré,Villeurbanne,29060,Tech France SARL,Direction,Contact professionnel de Tech France SARL
+33682521469,Antoine,Lambert,33 Boulevard Voltaire,Orléans,41289,Solutions Avancées,Marketing,Contact professionnel de Solutions Avancées
+33718680411,Olivier,Roux,537 Avenue de la Liberté,Amiens,83403,Digital Pro,Support,Contact professionnel de Digital Pro
+33676674441,Valérie,Bernard,673 Rue Victor Hugo,Rouen,50859,Consulting Expert,Direction,Contact professionnel de Consulting Expert
+33776717434,Pierre,Dubois,285 Avenue Jean Jaurès,Amiens,10740,Digital Pro,Marketing,Contact professionnel de Digital Pro
+33655699763,Laurent,Bertrand,381 Rue Nationale,Nice,12351,Management Pro,Direction,Contact professionnel de Management Pro
+33759601760,Laurent,Girard,480 Rue de la République,Tours,20587,Digital Pro,Ventes,Contact professionnel de Digital Pro
+33740912094,Sébastien,Leroy,661 Rue du Faubourg Saint-Honoré,Rennes,77315,Technologie Moderne,Marketing,Contact professionnel de Technologie Moderne
+33625267144,Pascal,Morel,538 Avenue Montaigne,Marseille,95054,Management Pro,Support,Contact professionnel de Management Pro
+33798446711,Sophie,Petit,752 Place de la Bastille,Limoges,84129,Performance Solutions,Marketing,Contact professionnel de Performance Solutions
+33641495432,Philippe,Lefèvre,170 Boulevard de la République,Dijon,78195,Technologie Moderne,Support,Contact professionnel de Technologie Moderne
+33686297013,Laurent,Garcia,689 Rue de la Gare,Toulouse,45954,Solutions Avancées,Direction,Contact professionnel de Solutions Avancées
+33783946434,Frédéric,Lambert,113 Boulevard Voltaire,Bordeaux,24291,Solutions Avancées,Ventes,Contact professionnel de Solutions Avancées
+33725073044,Alexandre,Richard,170 Boulevard Saint-Germain,Montpellier,93429,Consulting Expert,Marketing,Contact professionnel de Consulting Expert
+33659358621,Laurent,Michel,151 Boulevard Haussmann,Aix-en-Provence,40710,Développement Plus,Marketing,Contact professionnel de Développement Plus
+33686036070,Monique,Morel,413 Rue de la République,Nantes,66694,Stratégie Digitale,Direction,Contact professionnel de Stratégie Digitale
+33794583306,Marie,Dubois,771 Avenue Jean Jaurès,Amiens,94275,Innovation Solutions,Direction,Contact professionnel de Innovation Solutions
+33659022001,Marie,Moreau,237 Rue Nationale,Besançon,22086,Management Pro,Direction,Contact professionnel de Management Pro
+33775636086,David,Lefebvre,804 Avenue des Champs-Élysées,Brest,46494,Solutions Avancées,Support,Contact professionnel de Solutions Avancées
+33690611705,Laurent,Mercier,948 Boulevard de la République,Reims,72023,France Business,Comptabilité,Contact professionnel de France Business
+33655949259,Sophie,Garcia,912 Rue Victor Hugo,Saint-Étienne,06917,Stratégie Digitale,Marketing,Contact professionnel de Stratégie Digitale
+33793953668,Alexandre,Moreau,244 Avenue des Champs-Élysées,Rouen,27990,Développement Plus,Support,Contact professionnel de Développement Plus
+33718789286,Sophie,Martinez,235 Boulevard de la République,Nice,77285,Technologie Moderne,Ventes,Contact professionnel de Technologie Moderne
+33685755842,Antoine,Bernard,498 Boulevard Saint-Germain,Rennes,32770,Digital Pro,Marketing,Contact professionnel de Digital Pro
+33777736289,Marie,Richard,762 Avenue de la Liberté,Villeurbanne,50374,Innovation Solutions,Direction,Contact professionnel de Innovation Solutions
+33704960455,Jacqueline,Martin,969 Boulevard Haussmann,Tours,17647,Performance Solutions,IT,Contact professionnel de Performance Solutions
+33695865546,Françoise,Morel,12 Rue de Rivoli,Strasbourg,36478,Consulting Expert,IT,Contact professionnel de Consulting Expert
+33778344393,Marie,Bertrand,599 Rue de Rivoli,Saint-Étienne,63328,Technologie Moderne,Direction,Contact professionnel de Technologie Moderne
+33626019459,Christine,Morel,626 Rue de Rivoli,Strasbourg,22584,Digital Pro,Ventes,Contact professionnel de Digital Pro
+33737569850,Christine,Garcia,91 Avenue des Champs-Élysées,Le Havre,56180,Consulting Expert,Support,Contact professionnel de Consulting Expert
+33717362010,Sylvie,Fournier,311 Avenue Montaigne,Clermont-Ferrand,01600,Technologie Moderne,Comptabilité,Contact professionnel de Technologie Moderne
+33651708065,Françoise,Fournier,443 Rue du Faubourg Saint-Honoré,Toulon,22282,Solutions Avancées,Marketing,Contact professionnel de Solutions Avancées
+33616697133,Pascal,Dupont,197 Rue de la Gare,Angers,43646,Consulting Expert,IT,Contact professionnel de Consulting Expert
+33645457365,Olivier,André,240 Avenue Jean Jaurès,Orléans,74281,Performance Solutions,Ventes,Contact professionnel de Performance Solutions
+33604014481,Catherine,Fournier,591 Rue de la Paix,Aix-en-Provence,40883,Solutions Avancées,Marketing,Contact professionnel de Solutions Avancées
+33740519703,Julien,David,243 Rue de la République,Paris,37651,Management Pro,Support,Contact professionnel de Management Pro
+33638059954,Philippe,Bertrand,216 Avenue des Champs-Élysées,Strasbourg,44542,Technologie Moderne,Ventes,Contact professionnel de Technologie Moderne
+33694371373,Pascal,Lefèvre,598 Rue Victor Hugo,Nantes,93972,Stratégie Digitale,Ventes,Contact professionnel de Stratégie Digitale
+33677940976,Philippe,Roux,390 Rue du Faubourg Saint-Honoré,Reims,56685,Tech France SARL,Direction,Contact professionnel de Tech France SARL
+33752786851,Patricia,Roux,834 Boulevard Voltaire,Le Havre,41804,Développement Plus,Direction,Contact professionnel de Développement Plus
+33784568394,David,Robert,187 Avenue de la Liberté,Le Havre,12915,Développement Plus,Ventes,Contact professionnel de Développement Plus
+33691731582,Véronique,Lefèvre,672 Boulevard Saint-Germain,Rouen,02477,Stratégie Digitale,Comptabilité,Contact professionnel de Stratégie Digitale
+33746406753,Patricia,Bonnet,70 Rue de la Gare,Toulouse,37423,Développement Plus,Direction,Contact professionnel de Développement Plus
+33733345615,Martine,Vincent,955 Avenue Jean Jaurès,Bordeaux,08903,Technologie Moderne,Comptabilité,Contact professionnel de Technologie Moderne
+33749236548,Françoise,Bernard,633 Boulevard Voltaire,Brest,26337,Management Pro,Marketing,Contact professionnel de Management Pro
+33708123925,Valérie,Michel,463 Avenue Montaigne,Le Mans,89443,Stratégie Digitale,Ventes,Contact professionnel de Stratégie Digitale
+33639598385,Pierre,Morel,937 Avenue de la Liberté,Lille,19509,Stratégie Digitale,Marketing,Contact professionnel de Stratégie Digitale
+33752253442,Monique,Bertrand,857 Place de la Bastille,Saint-Étienne,32166,Consulting Expert,Support,Contact professionnel de Consulting Expert
+33767272235,Pierre,Garnier,2 Rue de la République,Grenoble,63136,Solutions Avancées,IT,Contact professionnel de Solutions Avancées
+33754352426,Sylvie,Morel,147 Boulevard Saint-Germain,Metz,21926,Consulting Expert,Marketing,Contact professionnel de Consulting Expert
+33716456187,Michel,Martin,162 Avenue Montaigne,Rennes,53150,Innovation Solutions,Comptabilité,Contact professionnel de Innovation Solutions
+33776964051,Thierry,Richard,403 Rue Victor Hugo,Angers,17291,Technologie Moderne,Marketing,Contact professionnel de Technologie Moderne
+33631729007,Isabelle,André,829 Avenue Montaigne,Limoges,20989,Consulting Expert,Direction,Contact professionnel de Consulting Expert
+33719717502,Sylvie,François,391 Avenue Montaigne,Metz,93531,Consulting Expert,IT,Contact professionnel de Consulting Expert
+33704652653,Sandrine,Lambert,642 Boulevard Haussmann,Nice,13893,Management Pro,Ventes,Contact professionnel de Management Pro
+33762784211,Michel,Fournier,677 Boulevard Haussmann,Orléans,91947,Innovation Solutions,Marketing,Contact professionnel de Innovation Solutions
+33670604289,Frédéric,Richard,572 Rue de la Paix,Lyon,27444,France Business,Comptabilité,Contact professionnel de France Business
+33647174121,Stéphane,Martinez,793 Place de la Bastille,Reims,77290,Digital Pro,Direction,Contact professionnel de Digital Pro
+33748817877,Véronique,Dubois,253 Rue Victor Hugo,Lille,55352,Technologie Moderne,Ventes,Contact professionnel de Technologie Moderne
+33777795083,Julien,Martin,448 Boulevard de la République,Besançon,10271,Consulting Expert,Marketing,Contact professionnel de Consulting Expert
+33672397596,Julien,Morel,909 Rue du Faubourg Saint-Honoré,Paris,33469,Tech France SARL,Support,Contact professionnel de Tech France SARL
+33794203615,Philippe,Fournier,47 Rue Victor Hugo,Rennes,21207,Performance Solutions,Marketing,Contact professionnel de Performance Solutions
+33634557423,Pierre,Lefebvre,517 Avenue Jean Jaurès,Bordeaux,08299,Stratégie Digitale,Support,Contact professionnel de Stratégie Digitale
+33638048979,Valérie,Leroy,767 Rue Nationale,Saint-Étienne,60362,Tech France SARL,Support,Contact professionnel de Tech France SARL
+33720654230,Brigitte,Richard,536 Boulevard Haussmann,Montpellier,25887,Services Premium,Marketing,Contact professionnel de Services Premium
+33793422461,Patricia,André,112 Boulevard Voltaire,Rennes,31247,Digital Pro,IT,Contact professionnel de Digital Pro
+33723886133,Nathalie,Richard,944 Rue Victor Hugo,Clermont-Ferrand,51415,Stratégie Digitale,IT,Contact professionnel de Stratégie Digitale
+33721629091,Christophe,Lambert,545 Boulevard Haussmann,Grenoble,32065,Services Premium,Marketing,Contact professionnel de Services Premium
+33643291519,Catherine,Martin,799 Avenue de la Liberté,Perpignan,15522,Solutions Avancées,Comptabilité,Contact professionnel de Solutions Avancées
+33714658702,Monique,Leroy,272 Avenue des Champs-Élysées,Saint-Étienne,50533,Développement Plus,Comptabilité,Contact professionnel de Développement Plus
+33669860716,Patrick,Roux,346 Avenue de la Liberté,Bordeaux,04043,Digital Pro,Support,Contact professionnel de Digital Pro
+33780046537,Véronique,Roux,300 Avenue des Champs-Élysées,Toulon,60541,Développement Plus,Marketing,Contact professionnel de Développement Plus
+33708013172,Frédéric,Bertrand,984 Rue de la Gare,Toulouse,45156,Développement Plus,Direction,Contact professionnel de Développement Plus
+33647731972,Patrick,Fournier,217 Boulevard de la République,Angers,34355,France Business,Direction,Contact professionnel de France Business
+33715016986,Stéphane,Simon,823 Boulevard Haussmann,Le Mans,35943,Développement Plus,Comptabilité,Contact professionnel de Développement Plus
+33773017260,Martine,Simon,975 Boulevard de la République,Nice,15193,Solutions Avancées,IT,Contact professionnel de Solutions Avancées
+33641162647,Pascal,Morel,55 Rue Nationale,Paris,10631,Technologie Moderne,IT,Contact professionnel de Technologie Moderne
+33664143427,Sylvie,André,270 Rue de la République,Saint-Étienne,29456,Management Pro,IT,Contact professionnel de Management Pro
+33704076394,Pascal,Martinez,408 Rue Nationale,Nantes,01745,Services Premium,Ventes,Contact professionnel de Services Premium
+33794482509,Michel,Lefèvre,153 Rue Nationale,Aix-en-Provence,95082,Solutions Avancées,Ventes,Contact professionnel de Solutions Avancées
+33734434081,Jacqueline,Simon,190 Rue de la Paix,Amiens,64529,Innovation Solutions,Direction,Contact professionnel de Innovation Solutions
+33679016931,David,François,6 Avenue Montaigne,Villeurbanne,32141,Solutions Avancées,Marketing,Contact professionnel de Solutions Avancées
+33766501659,Alexandre,Robert,314 Rue de la Paix,Strasbourg,40237,Innovation Solutions,Comptabilité,Contact professionnel de Innovation Solutions
+33678972908,Isabelle,Bertrand,689 Rue de la Gare,Strasbourg,54494,Solutions Avancées,Marketing,Contact professionnel de Solutions Avancées
+33749765869,Françoise,Fournier,128 Rue du Faubourg Saint-Honoré,Reims,76656,Tech France SARL,Direction,Contact professionnel de Tech France SARL
+33671676938,Antoine,Thomas,490 Rue de la Paix,Dijon,22902,Services Premium,Support,Contact professionnel de Services Premium
+33702820543,Nicolas,Leroy,972 Rue de Rivoli,Paris,51913,Solutions Avancées,Ventes,Contact professionnel de Solutions Avancées
+33603642790,Patrick,Fournier,893 Rue de la Paix,Aix-en-Provence,02447,Services Premium,Support,Contact professionnel de Services Premium
+33671619719,Véronique,Fournier,267 Boulevard Voltaire,Marseille,87059,Stratégie Digitale,Support,Contact professionnel de Stratégie Digitale
+33758143147,Michel,Michel,200 Boulevard Saint-Germain,Nice,74248,Tech France SARL,Direction,Contact professionnel de Tech France SARL
+33639720947,Sylvie,Laurent,742 Rue de Rivoli,Le Havre,18096,Solutions Avancées,Direction,Contact professionnel de Solutions Avancées
+33656169292,Monique,Dupont,370 Avenue Montaigne,Nice,62427,Stratégie Digitale,IT,Contact professionnel de Stratégie Digitale
+33641943908,Brigitte,Morel,72 Rue de la République,Strasbourg,15498,Performance Solutions,IT,Contact professionnel de Performance Solutions
+33723831027,Sophie,Fournier,795 Boulevard Saint-Germain,Bordeaux,57782,Développement Plus,Marketing,Contact professionnel de Développement Plus
+33614221652,Marie,Dubois,637 Boulevard Haussmann,Perpignan,22960,Stratégie Digitale,IT,Contact professionnel de Stratégie Digitale
+33775566901,Thierry,Girard,579 Rue Nationale,Nîmes,95094,Solutions Avancées,Comptabilité,Contact professionnel de Solutions Avancées
+33716407641,Sophie,Bonnet,691 Boulevard Saint-Germain,Metz,03682,Technologie Moderne,Direction,Contact professionnel de Technologie Moderne
+33754950598,Valérie,Fournier,769 Rue de la Gare,Saint-Étienne,41324,Solutions Avancées,Comptabilité,Contact professionnel de Solutions Avancées
+33759716640,Antoine,David,422 Boulevard Voltaire,Montpellier,25435,Solutions Avancées,Support,Contact professionnel de Solutions Avancées
+33682459800,Julien,Leroy,864 Avenue Montaigne,Tours,58037,Consulting Expert,Support,Contact professionnel de Consulting Expert
+33685559882,Michel,Michel,985 Rue de la Paix,Marseille,71924,Performance Solutions,Comptabilité,Contact professionnel de Performance Solutions
+33741122965,Marie,Martin,868 Boulevard Voltaire,Reims,29529,Management Pro,Support,Contact professionnel de Management Pro
+33605483245,Patricia,Bonnet,25 Boulevard Haussmann,Brest,72080,Consulting Expert,Support,Contact professionnel de Consulting Expert
+33728069008,Catherine,Laurent,313 Rue de la Gare,Marseille,70738,Management Pro,Direction,Contact professionnel de Management Pro
+33638841150,Christine,Roux,183 Place de la Bastille,Lyon,90389,Développement Plus,Ventes,Contact professionnel de Développement Plus
+33685181975,Antoine,Richard,718 Rue Victor Hugo,Grenoble,53934,Innovation Solutions,Marketing,Contact professionnel de Innovation Solutions
+33782222003,Christine,Thomas,275 Rue de la République,Limoges,13193,Solutions Avancées,IT,Contact professionnel de Solutions Avancées
+33682698989,Christine,David,731 Boulevard de la République,Montpellier,80204,Digital Pro,Comptabilité,Contact professionnel de Digital Pro
+33768925486,Sylvie,Thomas,884 Rue de Rivoli,Dijon,77881,Digital Pro,Ventes,Contact professionnel de Digital Pro
+33641360324,Marie,Lambert,413 Rue Nationale,Perpignan,94109,Consulting Expert,Direction,Contact professionnel de Consulting Expert
+33666168248,Jean,Leroy,969 Rue de la République,Nice,49875,Stratégie Digitale,Marketing,Contact professionnel de Stratégie Digitale
+33619452843,Dominique,Bernard,409 Rue Nationale,Besançon,36248,Management Pro,IT,Contact professionnel de Management Pro
+33636960646,Alexandre,Simon,753 Rue Victor Hugo,Brest,11896,Performance Solutions,Ventes,Contact professionnel de Performance Solutions
+33751454190,David,Lambert,772 Rue de la Gare,Brest,01207,France Business,Marketing,Contact professionnel de France Business
+33750437893,Philippe,Mercier,184 Rue de Rivoli,Le Havre,41449,Performance Solutions,Support,Contact professionnel de Performance Solutions
+33670646955,Nathalie,Martin,864 Avenue de la Liberté,Marseille,81606,Consulting Expert,IT,Contact professionnel de Consulting Expert
+33785682291,Jacqueline,Bernard,540 Boulevard de la République,Bordeaux,18703,Technologie Moderne,IT,Contact professionnel de Technologie Moderne
+33776745522,Sophie,Vincent,743 Boulevard Voltaire,Nice,45009,France Business,Support,Contact professionnel de France Business
+33708976862,Catherine,Bertrand,944 Boulevard Haussmann,Besançon,14111,Consulting Expert,Ventes,Contact professionnel de Consulting Expert
+33657964919,Françoise,Girard,142 Avenue des Champs-Élysées,Lille,41051,Digital Pro,Direction,Contact professionnel de Digital Pro
+33628696820,Chantal,Laurent,463 Avenue Montaigne,Brest,38268,Performance Solutions,Support,Contact professionnel de Performance Solutions
+33683313564,Patrick,Petit,532 Avenue des Champs-Élysées,Grenoble,06727,Digital Pro,IT,Contact professionnel de Digital Pro
+33756709564,Isabelle,Roux,141 Avenue Jean Jaurès,Toulouse,16794,Tech France SARL,Direction,Contact professionnel de Tech France SARL
+33778121886,Brigitte,Petit,220 Avenue des Champs-Élysées,Orléans,44669,Technologie Moderne,IT,Contact professionnel de Technologie Moderne
+33674397819,Patrick,Leroy,316 Rue du Faubourg Saint-Honoré,Dijon,44491,Management Pro,IT,Contact professionnel de Management Pro
+33671944635,Jacqueline,Michel,966 Rue Victor Hugo,Bordeaux,65602,Solutions Avancées,Comptabilité,Contact professionnel de Solutions Avancées
+33736263232,Jacqueline,Laurent,950 Rue de la Paix,Toulouse,38180,France Business,Support,Contact professionnel de France Business
+33778764193,David,Bertrand,734 Boulevard Saint-Germain,Angers,64940,Stratégie Digitale,Ventes,Contact professionnel de Stratégie Digitale
+33628970524,Isabelle,Michel,180 Rue Nationale,Strasbourg,34749,Tech France SARL,Comptabilité,Contact professionnel de Tech France SARL
+33652696581,Brigitte,Bonnet,970 Rue de la Gare,Villeurbanne,41278,Stratégie Digitale,Marketing,Contact professionnel de Stratégie Digitale
+33799444765,Sandrine,Bernard,433 Rue du Faubourg Saint-Honoré,Marseille,62060,Management Pro,Support,Contact professionnel de Management Pro
+33753667366,Nathalie,Petit,868 Boulevard Saint-Germain,Marseille,63793,Digital Pro,Marketing,Contact professionnel de Digital Pro
+33727800045,Sandrine,Martinez,170 Rue de la Paix,Le Mans,13232,Management Pro,Direction,Contact professionnel de Management Pro
+33738557581,Valérie,Durand,586 Rue Victor Hugo,Paris,19276,Solutions Avancées,Ventes,Contact professionnel de Solutions Avancées
+33780433365,Françoise,Simon,35 Rue de la Gare,Rennes,66007,Performance Solutions,Direction,Contact professionnel de Performance Solutions
+33762281208,Valérie,Morel,209 Avenue Montaigne,Angers,21037,Performance Solutions,Direction,Contact professionnel de Performance Solutions
+33779623312,Catherine,Lefèvre,866 Boulevard Saint-Germain,Villeurbanne,41960,Tech France SARL,Comptabilité,Contact professionnel de Tech France SARL
+33638270695,Laurent,Michel,813 Avenue Jean Jaurès,Bordeaux,95431,Management Pro,Ventes,Contact professionnel de Management Pro
+33740430793,Pierre,Mercier,653 Rue Nationale,Angers,33650,Digital Pro,IT,Contact professionnel de Digital Pro
+33669426470,Olivier,Thomas,143 Rue Nationale,Limoges,65100,Consulting Expert,IT,Contact professionnel de Consulting Expert
+33684612799,Michel,Durand,252 Boulevard Saint-Germain,Toulouse,70373,Digital Pro,Comptabilité,Contact professionnel de Digital Pro
+33756732126,Sylvie,Thomas,108 Boulevard de la République,Nîmes,16930,Développement Plus,Comptabilité,Contact professionnel de Développement Plus
+33683160335,Christine,Fournier,199 Boulevard Haussmann,Le Mans,57874,Développement Plus,Ventes,Contact professionnel de Développement Plus
+33722939300,Pascal,Robert,611 Boulevard Voltaire,Montpellier,01429,Technologie Moderne,Direction,Contact professionnel de Technologie Moderne
+33647440225,Véronique,Dubois,395 Rue Nationale,Montpellier,33472,Innovation Solutions,Support,Contact professionnel de Innovation Solutions
+33782734323,Nathalie,André,838 Avenue de la Liberté,Dijon,65516,Tech France SARL,Comptabilité,Contact professionnel de Tech France SARL
+33624915083,Antoine,Lefebvre,225 Rue de la Gare,Rennes,23548,Innovation Solutions,Ventes,Contact professionnel de Innovation Solutions
+33695187835,Alexandre,Dubois,599 Rue de la Gare,Lille,74641,Digital Pro,Support,Contact professionnel de Digital Pro
+33688785775,Thierry,Girard,460 Rue de Rivoli,Nîmes,30883,Services Premium,IT,Contact professionnel de Services Premium
+33683246979,Sandrine,François,571 Boulevard de la République,Rennes,20323,Management Pro,Marketing,Contact professionnel de Management Pro
+33611726107,Martine,Legrand,785 Rue de la Gare,Lille,29143,Tech France SARL,Ventes,Contact professionnel de Tech France SARL
+33675813281,Véronique,Petit,982 Boulevard Voltaire,Nantes,08807,Tech France SARL,Ventes,Contact professionnel de Tech France SARL
+33603569318,Martine,Bertrand,330 Rue du Faubourg Saint-Honoré,Le Havre,08993,Consulting Expert,Support,Contact professionnel de Consulting Expert
+33769917170,Isabelle,Bonnet,602 Rue Victor Hugo,Angers,74208,Développement Plus,IT,Contact professionnel de Développement Plus
+33620023256,Catherine,Laurent,20 Rue du Faubourg Saint-Honoré,Angers,59521,Tech France SARL,Comptabilité,Contact professionnel de Tech France SARL
+33632993797,Isabelle,Dupont,707 Avenue Jean Jaurès,Limoges,71129,Performance Solutions,Comptabilité,Contact professionnel de Performance Solutions
+33607024791,Véronique,François,872 Rue Victor Hugo,Toulon,06028,Consulting Expert,Ventes,Contact professionnel de Consulting Expert
+33640076634,Christophe,Petit,657 Place de la Bastille,Besançon,33733,Management Pro,Marketing,Contact professionnel de Management Pro
+33728004253,Patricia,Garcia,469 Rue de Rivoli,Bordeaux,83958,Solutions Avancées,Support,Contact professionnel de Solutions Avancées
+33713496873,Thierry,Mercier,478 Rue de la Gare,Angers,57611,Technologie Moderne,Ventes,Contact professionnel de Technologie Moderne
+33767720529,Stéphane,Laurent,137 Rue du Faubourg Saint-Honoré,Saint-Étienne,26057,Innovation Solutions,Comptabilité,Contact professionnel de Innovation Solutions
+33637401055,Antoine,Thomas,525 Place de la Bastille,Villeurbanne,44386,Consulting Expert,Direction,Contact professionnel de Consulting Expert
+33730874088,Antoine,Laurent,48 Place de la Bastille,Saint-Étienne,91334,Développement Plus,Ventes,Contact professionnel de Développement Plus
+33663237825,Isabelle,Petit,984 Rue de la Paix,Toulouse,15008,Solutions Avancées,Direction,Contact professionnel de Solutions Avancées
+33767018328,David,Martin,376 Avenue de la Liberté,Nantes,26408,Solutions Avancées,Comptabilité,Contact professionnel de Solutions Avancées
+33638331338,Monique,Simon,473 Rue du Faubourg Saint-Honoré,Clermont-Ferrand,57986,Développement Plus,Comptabilité,Contact professionnel de Développement Plus
+33680269488,Christine,Vincent,912 Rue de la Paix,Angers,24851,Tech France SARL,Support,Contact professionnel de Tech France SARL
+33751714042,Olivier,Morel,737 Place de la Bastille,Dijon,07553,Tech France SARL,Ventes,Contact professionnel de Tech France SARL
+33624206920,Jacqueline,Mercier,114 Place de la Bastille,Perpignan,70652,Stratégie Digitale,Comptabilité,Contact professionnel de Stratégie Digitale
+33737866179,Thierry,Garcia,750 Avenue des Champs-Élysées,Le Havre,67817,Développement Plus,Direction,Contact professionnel de Développement Plus
+33663545253,Sophie,Durand,280 Rue du Faubourg Saint-Honoré,Le Mans,25582,Tech France SARL,Support,Contact professionnel de Tech France SARL
+33658393969,Jean,David,403 Rue de la Paix,Perpignan,32511,Services Premium,Comptabilité,Contact professionnel de Services Premium
+33636559737,Sophie,Roux,661 Boulevard Saint-Germain,Perpignan,18294,Services Premium,Ventes,Contact professionnel de Services Premium
+33602600432,Sandrine,Bertrand,676 Rue Nationale,Metz,11045,Solutions Avancées,IT,Contact professionnel de Solutions Avancées
+33799810925,Sophie,André,53 Avenue des Champs-Élysées,Grenoble,25988,Management Pro,Support,Contact professionnel de Management Pro
+33706960646,Philippe,Moreau,508 Place de la Bastille,Montpellier,92595,Performance Solutions,Direction,Contact professionnel de Performance Solutions
+33692163372,Olivier,Thomas,221 Avenue de la Liberté,Villeurbanne,01027,Services Premium,Ventes,Contact professionnel de Services Premium
+33749881599,Philippe,Vincent,646 Avenue de la Liberté,Angers,11920,Services Premium,Direction,Contact professionnel de Services Premium
+33681127160,Patrick,Leroy,763 Rue de Rivoli,Aix-en-Provence,86227,Digital Pro,Marketing,Contact professionnel de Digital Pro
+33707274769,Sophie,Legrand,114 Rue Nationale,Lille,66134,Digital Pro,Marketing,Contact professionnel de Digital Pro
+33670140702,Patricia,André,413 Boulevard Saint-Germain,Amiens,57488,Services Premium,Ventes,Contact professionnel de Services Premium
+33770410606,Isabelle,Durand,488 Avenue de la Liberté,Nice,54383,Management Pro,Comptabilité,Contact professionnel de Management Pro
+33671083054,Philippe,Lambert,66 Boulevard Voltaire,Marseille,71152,Stratégie Digitale,Comptabilité,Contact professionnel de Stratégie Digitale
+33645717513,Brigitte,Garnier,85 Rue Victor Hugo,Reims,61077,Solutions Avancées,Support,Contact professionnel de Solutions Avancées
+33648362116,Frédéric,Martinez,508 Boulevard Haussmann,Brest,10200,Innovation Solutions,IT,Contact professionnel de Innovation Solutions
+33690136722,Isabelle,Robert,657 Rue de la Paix,Aix-en-Provence,63979,Développement Plus,Ventes,Contact professionnel de Développement Plus
+33778427222,Alexandre,Girard,446 Place de la Bastille,Bordeaux,14083,France Business,Comptabilité,Contact professionnel de France Business
+33744295752,Véronique,David,908 Boulevard Voltaire,Tours,02022,Consulting Expert,IT,Contact professionnel de Consulting Expert
+33781775526,Philippe,Fournier,793 Rue Nationale,Clermont-Ferrand,63873,Tech France SARL,Marketing,Contact professionnel de Tech France SARL
+33751377437,Sylvie,Dubois,172 Rue de la Paix,Toulouse,62236,Développement Plus,Direction,Contact professionnel de Développement Plus
+33601767765,Olivier,Leroy,578 Avenue Jean Jaurès,Rouen,21765,Performance Solutions,IT,Contact professionnel de Performance Solutions
+33675700168,Laurent,Thomas,799 Rue du Faubourg Saint-Honoré,Bordeaux,08211,Solutions Avancées,Direction,Contact professionnel de Solutions Avancées
+33773655162,Chantal,Dubois,205 Boulevard de la République,Marseille,42989,Services Premium,Ventes,Contact professionnel de Services Premium
+33662191456,Sophie,Thomas,705 Boulevard de la République,Saint-Étienne,19800,Développement Plus,Direction,Contact professionnel de Développement Plus
+33628270536,Chantal,Laurent,488 Rue Victor Hugo,Nîmes,23444,Management Pro,Direction,Contact professionnel de Management Pro
+33755515439,Antoine,David,488 Avenue Jean Jaurès,Le Mans,61308,Management Pro,Comptabilité,Contact professionnel de Management Pro
+33744149153,Patrick,Leroy,661 Boulevard de la République,Angers,79574,Performance Solutions,IT,Contact professionnel de Performance Solutions
+33766623637,Patrick,Michel,559 Avenue des Champs-Élysées,Perpignan,20641,Innovation Solutions,Support,Contact professionnel de Innovation Solutions
+33653545203,Françoise,Richard,38 Rue de la Gare,Villeurbanne,41014,Innovation Solutions,Support,Contact professionnel de Innovation Solutions
+33718906501,Christine,Laurent,518 Rue de Rivoli,Toulon,29388,France Business,Direction,Contact professionnel de France Business
+33636539157,Catherine,Legrand,628 Rue Victor Hugo,Le Havre,12626,Management Pro,Direction,Contact professionnel de Management Pro
+33746642489,Antoine,Legrand,110 Boulevard de la République,Tours,13258,France Business,Direction,Contact professionnel de France Business
+33654393235,Thierry,Richard,861 Avenue des Champs-Élysées,Villeurbanne,60756,Performance Solutions,Comptabilité,Contact professionnel de Performance Solutions
+33624113858,Sylvie,Morel,888 Boulevard Saint-Germain,Le Mans,63891,Consulting Expert,Direction,Contact professionnel de Consulting Expert
+33624713183,Véronique,Martinez,148 Boulevard Saint-Germain,Tours,59109,Innovation Solutions,IT,Contact professionnel de Innovation Solutions
+33786317958,Isabelle,Girard,483 Rue de la République,Grenoble,22692,Technologie Moderne,Comptabilité,Contact professionnel de Technologie Moderne
+33778231957,Françoise,Lambert,769 Boulevard Saint-Germain,Bordeaux,91131,Services Premium,IT,Contact professionnel de Services Premium
+33702968938,Pascal,Bertrand,836 Avenue Jean Jaurès,Rennes,49185,Stratégie Digitale,Comptabilité,Contact professionnel de Stratégie Digitale
+33760062855,Patricia,Michel,350 Rue Victor Hugo,Le Mans,39726,Solutions Avancées,Direction,Contact professionnel de Solutions Avancées
+33770633143,Dominique,Lambert,375 Rue de Rivoli,Bordeaux,72788,Management Pro,Comptabilité,Contact professionnel de Management Pro
+33629471620,Christine,Durand,431 Boulevard de la République,Strasbourg,36372,Performance Solutions,Marketing,Contact professionnel de Performance Solutions
+33797163973,Dominique,Durand,444 Rue de la Paix,Besançon,30912,Innovation Solutions,Support,Contact professionnel de Innovation Solutions
+33682669620,Thierry,Michel,934 Rue de la Paix,Lille,02560,Consulting Expert,IT,Contact professionnel de Consulting Expert
+33613761338,Michel,Durand,598 Rue de la République,Reims,95733,Innovation Solutions,Marketing,Contact professionnel de Innovation Solutions
+33603202540,Pascal,Petit,541 Rue de la République,Limoges,11846,Développement Plus,IT,Contact professionnel de Développement Plus
+33791857690,Sophie,Moreau,572 Avenue Montaigne,Orléans,79045,Tech France SARL,IT,Contact professionnel de Tech France SARL
+33654899588,Nicolas,Leroy,7 Rue Nationale,Rennes,62130,Technologie Moderne,IT,Contact professionnel de Technologie Moderne
+33758909639,Valérie,Laurent,448 Rue de la République,Toulon,55967,Innovation Solutions,Ventes,Contact professionnel de Innovation Solutions
+33706596443,Sébastien,Fournier,756 Rue Victor Hugo,Tours,91916,Innovation Solutions,Marketing,Contact professionnel de Innovation Solutions
+33674762539,Dominique,Moreau,899 Boulevard Saint-Germain,Nîmes,27194,Solutions Avancées,Support,Contact professionnel de Solutions Avancées
+33756494864,Brigitte,Moreau,464 Place de la Bastille,Saint-Étienne,13838,Solutions Avancées,IT,Contact professionnel de Solutions Avancées
+33632805104,Patricia,David,951 Avenue Montaigne,Tours,19913,Développement Plus,Comptabilité,Contact professionnel de Développement Plus
+33740492204,Julien,Michel,294 Boulevard Voltaire,Lille,10312,France Business,Comptabilité,Contact professionnel de France Business
+33764025206,Françoise,Bernard,139 Rue du Faubourg Saint-Honoré,Bordeaux,23793,Solutions Avancées,Ventes,Contact professionnel de Solutions Avancées
+33604133540,Chantal,Mercier,367 Boulevard Voltaire,Montpellier,49459,Innovation Solutions,Comptabilité,Contact professionnel de Innovation Solutions
+33662320093,David,Dubois,265 Rue de la Gare,Saint-Étienne,51586,Innovation Solutions,Marketing,Contact professionnel de Innovation Solutions
+33766706729,Chantal,Martinez,54 Rue du Faubourg Saint-Honoré,Perpignan,09425,Technologie Moderne,IT,Contact professionnel de Technologie Moderne
+33644559980,Stéphane,Fournier,977 Avenue de la Liberté,Montpellier,67942,Stratégie Digitale,IT,Contact professionnel de Stratégie Digitale
+33694451044,Chantal,Roux,468 Avenue Jean Jaurès,Aix-en-Provence,15793,Innovation Solutions,Marketing,Contact professionnel de Innovation Solutions
+33653953454,Antoine,Bonnet,548 Avenue des Champs-Élysées,Le Mans,95736,Technologie Moderne,Marketing,Contact professionnel de Technologie Moderne
+33643280784,Jacqueline,Roux,370 Boulevard de la République,Orléans,50239,Performance Solutions,Comptabilité,Contact professionnel de Performance Solutions
+33790104603,Valérie,Durand,169 Boulevard Saint-Germain,Lyon,59811,Technologie Moderne,Comptabilité,Contact professionnel de Technologie Moderne
+33726794242,Dominique,François,599 Boulevard de la République,Le Mans,13197,Services Premium,Support,Contact professionnel de Services Premium
+33747346316,Christine,Legrand,535 Rue de la République,Toulon,50939,France Business,Ventes,Contact professionnel de France Business
+33720499055,Antoine,Simon,672 Boulevard Saint-Germain,Nantes,85559,Services Premium,IT,Contact professionnel de Services Premium
+33684715527,Jacqueline,Girard,696 Rue Nationale,Toulon,25838,Management Pro,Support,Contact professionnel de Management Pro
+33797079302,Alexandre,Legrand,81 Avenue Montaigne,Angers,36894,Performance Solutions,Direction,Contact professionnel de Performance Solutions
+33652538235,Sandrine,Bertrand,391 Avenue Montaigne,Nice,37298,Solutions Avancées,Marketing,Contact professionnel de Solutions Avancées
+33718663475,Catherine,Roux,373 Rue de la Gare,Grenoble,86576,Consulting Expert,Comptabilité,Contact professionnel de Consulting Expert
+33641552769,Catherine,Michel,402 Rue de la Gare,Angers,45629,Performance Solutions,IT,Contact professionnel de Performance Solutions
+33764843746,Michel,Moreau,557 Avenue de la Liberté,Aix-en-Provence,31460,Stratégie Digitale,Ventes,Contact professionnel de Stratégie Digitale
+33700361727,Sébastien,Lefèvre,92 Rue du Faubourg Saint-Honoré,Nantes,40815,Développement Plus,Direction,Contact professionnel de Développement Plus
+33675980358,Pascal,Bernard,346 Avenue des Champs-Élysées,Besançon,53813,Solutions Avancées,Marketing,Contact professionnel de Solutions Avancées
+33671665366,Frédéric,Fournier,559 Rue du Faubourg Saint-Honoré,Nice,93172,Stratégie Digitale,Comptabilité,Contact professionnel de Stratégie Digitale
+33779078771,David,Fournier,313 Rue Nationale,Nantes,64683,Tech France SARL,Support,Contact professionnel de Tech France SARL
+33794286599,Dominique,Dupont,588 Rue Nationale,Amiens,31487,Management Pro,Comptabilité,Contact professionnel de Management Pro
+33785457022,Philippe,Petit,10 Avenue de la Liberté,Villeurbanne,09212,Management Pro,Support,Contact professionnel de Management Pro
+33726339853,Thierry,Simon,287 Rue Nationale,Metz,90455,Stratégie Digitale,IT,Contact professionnel de Stratégie Digitale
+33709476942,Jacqueline,Roux,792 Rue de la Paix,Dijon,42134,France Business,Support,Contact professionnel de France Business
+33795195655,Philippe,Lefèvre,131 Boulevard Voltaire,Marseille,25564,Digital Pro,IT,Contact professionnel de Digital Pro
+33747955289,Stéphane,David,158 Boulevard de la République,Montpellier,59259,Management Pro,Ventes,Contact professionnel de Management Pro
+33681794588,Alexandre,Robert,774 Rue Nationale,Perpignan,25658,Digital Pro,IT,Contact professionnel de Digital Pro
+33628716487,Patrick,Simon,732 Avenue Jean Jaurès,Perpignan,93819,France Business,Marketing,Contact professionnel de France Business
+33719292017,Thierry,Legrand,897 Boulevard Haussmann,Angers,67723,Développement Plus,Ventes,Contact professionnel de Développement Plus
+33651940124,Thierry,Durand,792 Rue de Rivoli,Grenoble,92763,Développement Plus,Direction,Contact professionnel de Développement Plus
+33632631486,Laurent,Thomas,825 Avenue Montaigne,Saint-Étienne,24835,Services Premium,Support,Contact professionnel de Services Premium
+33709592886,Jacqueline,Legrand,377 Boulevard Voltaire,Villeurbanne,25698,Tech France SARL,Support,Contact professionnel de Tech France SARL
+33781907480,Pascal,Morel,404 Rue de la Paix,Villeurbanne,61624,Innovation Solutions,Support,Contact professionnel de Innovation Solutions
+33735657512,Marie,Dupont,354 Boulevard Saint-Germain,Limoges,40500,Services Premium,Marketing,Contact professionnel de Services Premium
+33704445391,Françoise,Petit,710 Boulevard Voltaire,Amiens,31061,Développement Plus,Ventes,Contact professionnel de Développement Plus
+33651799818,Brigitte,Morel,271 Rue de la République,Nîmes,60011,Management Pro,IT,Contact professionnel de Management Pro
+33693644997,Véronique,Lambert,594 Boulevard Voltaire,Limoges,67852,Services Premium,IT,Contact professionnel de Services Premium
+33740130967,Dominique,Roux,148 Boulevard Voltaire,Amiens,28468,France Business,Ventes,Contact professionnel de France Business
+33686637053,Pierre,Garnier,294 Place de la Bastille,Nîmes,34477,France Business,Comptabilité,Contact professionnel de France Business
+33617894066,Jacqueline,Bernard,524 Place de la Bastille,Orléans,16213,Services Premium,Support,Contact professionnel de Services Premium
+33654144964,Sylvie,Bonnet,387 Rue Nationale,Rouen,34709,Innovation Solutions,Support,Contact professionnel de Innovation Solutions
+33678219200,Patrick,Durand,735 Boulevard Haussmann,Paris,11423,Stratégie Digitale,Direction,Contact professionnel de Stratégie Digitale
+33604869195,Olivier,Lefebvre,295 Boulevard Haussmann,Grenoble,10877,Management Pro,Support,Contact professionnel de Management Pro
+33621137714,Olivier,Lefebvre,218 Boulevard de la République,Montpellier,67484,Tech France SARL,Marketing,Contact professionnel de Tech France SARL
+33791742517,Chantal,Bonnet,580 Avenue des Champs-Élysées,Limoges,43176,Management Pro,IT,Contact professionnel de Management Pro
+33744052066,Patricia,Dubois,956 Boulevard Voltaire,Toulon,23857,Stratégie Digitale,IT,Contact professionnel de Stratégie Digitale
+33693549367,Philippe,Vincent,380 Rue Nationale,Le Havre,61493,Technologie Moderne,Ventes,Contact professionnel de Technologie Moderne
+33640054913,Stéphane,Bernard,693 Avenue Montaigne,Dijon,36441,Services Premium,Ventes,Contact professionnel de Services Premium
+33719238247,Stéphane,Durand,944 Rue Victor Hugo,Lyon,10581,Tech France SARL,Marketing,Contact professionnel de Tech France SARL
+33657289053,Michel,Leroy,64 Place de la Bastille,Dijon,76928,Services Premium,Support,Contact professionnel de Services Premium
+33724074679,Christophe,Martinez,216 Rue Nationale,Besançon,03842,Innovation Solutions,Support,Contact professionnel de Innovation Solutions
+33627128293,Antoine,Vincent,123 Boulevard Saint-Germain,Toulon,52956,France Business,Direction,Contact professionnel de France Business
+33665104067,Sylvie,Petit,79 Avenue Jean Jaurès,Brest,18717,Digital Pro,Ventes,Contact professionnel de Digital Pro
+33654393589,Jean,Morel,50 Rue du Faubourg Saint-Honoré,Reims,62973,Consulting Expert,Comptabilité,Contact professionnel de Consulting Expert
+33634951465,Brigitte,Lambert,619 Avenue des Champs-Élysées,Lyon,38693,Management Pro,Marketing,Contact professionnel de Management Pro
+33708530875,Laurent,Dupont,992 Rue de la Paix,Toulon,30211,Tech France SARL,Direction,Contact professionnel de Tech France SARL
+33722968374,Philippe,Girard,584 Rue de Rivoli,Toulouse,32907,Digital Pro,Direction,Contact professionnel de Digital Pro
+33791138904,Stéphane,Girard,247 Avenue Montaigne,Toulouse,77579,Services Premium,Comptabilité,Contact professionnel de Services Premium
+33652211136,Thierry,Vincent,303 Avenue de la Liberté,Tours,46552,Innovation Solutions,Ventes,Contact professionnel de Innovation Solutions
+33645901131,Jean,Bertrand,80 Rue Nationale,Rouen,70295,Développement Plus,Marketing,Contact professionnel de Développement Plus
+33732483349,Françoise,Girard,783 Rue de la République,Toulon,09687,Développement Plus,Comptabilité,Contact professionnel de Développement Plus
+33617231194,Dominique,Legrand,336 Avenue des Champs-Élysées,Rouen,07092,Consulting Expert,Marketing,Contact professionnel de Consulting Expert
+33703161680,Patrick,Bonnet,752 Rue de la République,Strasbourg,25202,Solutions Avancées,Direction,Contact professionnel de Solutions Avancées
+33606976120,Olivier,Roux,51 Avenue de la Liberté,Nice,34336,Développement Plus,IT,Contact professionnel de Développement Plus
+33672904365,Patrick,Bernard,75 Boulevard Voltaire,Dijon,18686,Solutions Avancées,Marketing,Contact professionnel de Solutions Avancées
+33770405837,Patrick,David,823 Boulevard de la République,Toulouse,47563,Technologie Moderne,Support,Contact professionnel de Technologie Moderne
+33715142613,Véronique,Robert,354 Avenue Jean Jaurès,Angers,79692,France Business,Support,Contact professionnel de France Business
+33702170769,Brigitte,Martin,585 Rue de la Paix,Paris,44651,Management Pro,IT,Contact professionnel de Management Pro
+33660231879,Patrick,Laurent,258 Rue Nationale,Reims,41314,Tech France SARL,Marketing,Contact professionnel de Tech France SARL
+33702981515,Julien,Lambert,264 Boulevard Voltaire,Dijon,11254,Innovation Solutions,IT,Contact professionnel de Innovation Solutions
+33696402390,Dominique,Lambert,970 Avenue de la Liberté,Metz,53101,Performance Solutions,Ventes,Contact professionnel de Performance Solutions
+33690350454,Thierry,Thomas,525 Rue Victor Hugo,Lyon,60967,Stratégie Digitale,Comptabilité,Contact professionnel de Stratégie Digitale
+33767140347,Sébastien,Moreau,839 Rue du Faubourg Saint-Honoré,Brest,37736,Stratégie Digitale,IT,Contact professionnel de Stratégie Digitale
+33644041433,Véronique,Fournier,974 Rue du Faubourg Saint-Honoré,Le Mans,65939,Innovation Solutions,Direction,Contact professionnel de Innovation Solutions
+33659138877,Olivier,Bertrand,679 Boulevard de la République,Dijon,62083,Consulting Expert,Marketing,Contact professionnel de Consulting Expert
+33739592737,Jean,Bertrand,959 Rue de la République,Montpellier,24596,Technologie Moderne,Support,Contact professionnel de Technologie Moderne
+33746118083,Brigitte,Dubois,817 Rue de la Paix,Perpignan,57920,Innovation Solutions,Direction,Contact professionnel de Innovation Solutions
+33635955112,Véronique,Morel,285 Boulevard Saint-Germain,Lyon,81434,Tech France SARL,Support,Contact professionnel de Tech France SARL
+33689630805,Sophie,Morel,249 Boulevard Haussmann,Villeurbanne,70620,Digital Pro,Support,Contact professionnel de Digital Pro
+33699897767,Véronique,Lefebvre,110 Avenue Montaigne,Le Mans,89951,Développement Plus,Direction,Contact professionnel de Développement Plus
+33642987101,Pascal,Morel,963 Rue de la République,Clermont-Ferrand,64288,Tech France SARL,Support,Contact professionnel de Tech France SARL
+33600283411,Jacqueline,Bertrand,14 Rue de la Paix,Bordeaux,58258,France Business,Direction,Contact professionnel de France Business
+33783147415,Pierre,David,405 Rue Nationale,Lyon,78701,Innovation Solutions,Comptabilité,Contact professionnel de Innovation Solutions
+33625610605,Michel,Girard,52 Avenue de la Liberté,Grenoble,21000,Développement Plus,Marketing,Contact professionnel de Développement Plus
+33601163428,Patricia,Martinez,598 Place de la Bastille,Metz,91328,Développement Plus,Comptabilité,Contact professionnel de Développement Plus
+33710867906,Antoine,Petit,695 Rue de la République,Dijon,88570,Tech France SARL,IT,Contact professionnel de Tech France SARL
+33647945892,Sébastien,Thomas,522 Rue Nationale,Rennes,68100,Stratégie Digitale,IT,Contact professionnel de Stratégie Digitale
+33634085627,Marie,Robert,525 Rue de la Gare,Le Mans,38639,Performance Solutions,Support,Contact professionnel de Performance Solutions
+33709676898,Laurent,Moreau,713 Rue de la République,Paris,61857,Digital Pro,Direction,Contact professionnel de Digital Pro
+33744584538,Stéphane,Moreau,437 Rue Nationale,Rennes,12777,Développement Plus,Marketing,Contact professionnel de Développement Plus
+33709922589,Philippe,Durand,423 Boulevard Haussmann,Perpignan,60051,Stratégie Digitale,Support,Contact professionnel de Stratégie Digitale
+33617512280,Dominique,Simon,205 Boulevard de la République,Metz,71558,Technologie Moderne,Support,Contact professionnel de Technologie Moderne
+33655044211,Thierry,Richard,52 Rue Nationale,Bordeaux,45159,France Business,Comptabilité,Contact professionnel de France Business
+33677999060,Françoise,Leroy,504 Boulevard Voltaire,Angers,92326,Management Pro,Direction,Contact professionnel de Management Pro
+33737604240,Sandrine,Martin,657 Rue Nationale,Bordeaux,29355,Solutions Avancées,Marketing,Contact professionnel de Solutions Avancées
+33712437673,Jacqueline,Bertrand,373 Rue du Faubourg Saint-Honoré,Toulouse,16036,Consulting Expert,IT,Contact professionnel de Consulting Expert
+33768671243,Valérie,Dupont,277 Rue du Faubourg Saint-Honoré,Orléans,88901,Management Pro,IT,Contact professionnel de Management Pro
+33674875200,Frédéric,Thomas,434 Avenue Jean Jaurès,Brest,28172,Services Premium,Direction,Contact professionnel de Services Premium
+33753722396,Véronique,Bonnet,145 Rue de la Gare,Marseille,32888,Services Premium,Comptabilité,Contact professionnel de Services Premium
+33634309757,Catherine,Roux,850 Boulevard Saint-Germain,Lyon,01645,Stratégie Digitale,Marketing,Contact professionnel de Stratégie Digitale
